{
  "total_volume": 11879674.707874024,
  "total_liquidity": 545416.88045,
  "avg_volume": 2375934.941574805,
  "avg_liquidity": 109083.37609,
  "markets_analyzed": 5,
  "timestamp": "2026-03-24T11:15:57Z"
}
